vx0,vy0,vz0,x0,y0,z0
-0,-2.09115735959012e-05,-0,0.01,-0,0.0173205080756888
