vx0,vy0,vz0,x0,y0,z0
1.04557867979506e-05,-0,2.09115735959012e-05,0,0.02,0
